,strcture TS2,deltaG ,distance Fe-Cl
polycycles ,anth_fe_7_ring3_cp,25.86,7.91
polycycles ,anth_fe_7-ring2_cp,23.64,5.57
polycycles ,anth_fe_7_ring1_cp,18.52,3.47
polycycles ,anth_fe_8_ring3_cp,26.42,6.11
polycycles ,anth_fe_8_ring2_cp,22.78,4.3
polycycles ,anth_fe_8_ring1_cp,18.42,3.46
polycycles ,tet_fe_9_ring4_cp,28.81,10.31
polycycles ,tet_fe_9_ring3_cp,27.44,7.91
polycycles ,tet_fe_9_ring2_cp,24.25,4.29
polycycles ,tet_fe_9_ring1_cp,19.41,3.48
polycycles ,tet_fe_10_ring4_cp,27.34,8.25
polycycles ,tet_fe_10_ring3_cp,26.53,6.11
polycycles ,tet_fe_10_ring2_cp,23.69,3.31
polycycles ,tet_fe_10_ring1_cp,18.59,3.46
biphenyl ,bip_fe_2_ring1_cp,14.52,3.51
biphenyl ,bip_fe_2_ring2_cp,28.8,5.06
biphenyl ,bip_fe_3_ring1_cp,13.54,3.48
biphenyl ,bip_fe_3_ring2_cp,29.61,7.02
biphenyl ,bip_fe_4_ring1_cp,13.39,3.48
biphenyl ,bip_fe_4_ring2_cp,27.38,7.55
Fe stuctures,nap_fe_1_ring1_cp,18.264,3.4527
Fe stuctures,nap_fe_1_ring1_cpco2h,15.766,3.3839
Fe stuctures,nap_fe_1_ring1_cpcl,16.714,3.38
Fe stuctures,nap_fe_1_ring1_cpme,18.481,3.4507
Fe stuctures,nap_fe_2_ring1_cp,19.03082,3.48
Fe stuctures,nap_fe_2_ring1_cpco2h,16.864062,3.49
Fe stuctures,nap_fe_2_ring1_cpcl,18.407085,3.38
Fe stuctures,nap_fe_2_ring1_cpme,18.655575,3.48
Fe stuctures,nap_fe_5_ring1_cp,23.0167,4.3
Fe stuctures,nap_fe_5_ring2_cpco2h,22.68789,4.3
Fe stuctures,nap_fe_5_ring2_cpcl,22.309508,3.38
Fe stuctures,nap_fe_5_ring2_cpme,23.91277,4.31
Fe stuctures,nap_fe_6_ring2_cp,23.823038,5.58
Fe stuctures,nap_fe_6_ring2_cpco2h,,5.58
Fe stuctures,nap_fe_6_ring2_cpcl,23.59651,3.38
Fe stuctures,nap_fe_6_ring2_cpme,,5.58
Fe stuctures,bip_fe_2_ring1_cp,18.687,3.51
Fe stuctures,bip_fe_2_ring1_cpco2h,16.013,3.51
Fe stuctures,bip_fe_2_ring1_cpcl,17.045,3.51
Fe stuctures,bip_fe_2_ring1_cpme,19.223,3.51
Fe stuctures,bip_fe_2__ring2_cp,32.96,5.06
Fe stuctures,bip_fe_2_ring2_cpco2h,,5.07
Fe stuctures,bip_fe_2_ring2_cpcl,,5.07
Fe stuctures,bip_fe_2_ring2_cpme,,5.06
Fe stuctures,bip_fe_3_ring1_cp,,3.48
Fe stuctures,bip_fe_3_ring1_cpco2h,16.91,3.48
Fe stuctures,bip_fe_3_ring1_cpcl,16.875,3.48
Fe stuctures,bip_fe_3_ring1_cpme,18.686,3.48
Fe stuctures,bip_fe_3_ring2_cp,33.76954,7.01
Fe stuctures,bip_fe_3_ring2_cpco2h,,7.01
Fe stuctures,bip_fe_3_ring2_cpcl,33.679,7.01
Fe stuctures,bip_fe_3_ring2_cpme,32.654,7.02
Fe stuctures,bip_fe_4_ring1_cp,17.552,3.48
Fe stuctures,bip_fe_4_ring1_cpco2h,15.458,3.48
Fe stuctures,bip_fe_4_ring1_cpcl,16.609,3.48
Fe stuctures,bip_fe_4_ring1_cpme,18.936,3.48
Fe stuctures,bip_fe_4_ring2_cp,31.53,7.55
Fe stuctures,bip_fe_4_ring2_cpco2h,30.148,7.55
Fe stuctures,bip_fe_4_ring2_cpcl,31.67,7.56
Fe stuctures,bip_fe_4_ring2_cpme,31.354,7.56
Ru stuctures,nap_ru_1_ring1_cp,19.366,3.4527
Ru stuctures,nap_ru_1_ring1_cpco2h,16.68,3.3839
Ru stuctures,nap_ru_1_ring1_cpcl,17.538,3.4531
Ru stuctures,nap_ru_1_ring1_cpme,18.768,3.4507
Ru stuctures,nap_ru_2_ring1_cp,19.941,3.3929
Ru stuctures,nap_ru_2_ring1_cpco2h,18.253,3.4615
Ru stuctures,nap_ru_2_ring1_cpcl,18.297,3.4847
Ru stuctures,nap_ru_2_ring1_cpme,19.921,3.4733
Ru stuctures,nap_ru_5_ring2_cp,23.846,3.3789
Ru stuctures,nap_ru_5_ring2_cpco2h,23.08,4.0379
Ru stuctures,nap_ru_5_ring2_cpcl,23.681,4.0614
Ru stuctures,nap_ru_5_ring2_cpme,24.822,4.0419
Ru stuctures,nap_ru_6_ring2_cp,25.064,3.3793
Ru stuctures,nap_ru_6_ring2_cpco2h,24.255,5.5061
Ru stuctures,nap_ru_6_ring2_cpcl,24.553,5.589
Ru stuctures,nap_ru_6_ring2_cpme,24.461,5.37728
Ru stuctures,bip_ru_2_ring1_cp,18.837,3.6
Ru stuctures,bip_ru_2_ring1_cpco2h,17.874,3.62
Ru stuctures,bip_ru_2_ring1_cpcl,17.792,3.53
Ru stuctures,bip_ru_2_ring1_cpme,20.403,3.6
Ru stuctures,bip_ru_2_ring2_cp,32.81,5.31
Ru stuctures,bip_ru_2_ring2_cpco2h,,5.25
Ru stuctures,bip_ru_2_ring2_cpcl,33.06,5.24
Ru stuctures,bip_ru_2_ring2_cpme,31.85,5.24
Ru stuctures,bip_ru_3_ring1_cp,19.513,3.58
Ru stuctures,bip_ru_3_ring1_cpco2h,,3.58
Ru stuctures,bip_ru_3_ring1_cpcl,18.158,3.52
Ru stuctures,bip_ru_3_ring1_cpme,20.815,3.59
Ru stuctures,bip_ru_3_ring2_cp,34.595,6.94
Ru stuctures,bip_ru_3_ring2_cpco2h,,6.86
Ru stuctures,bip_ru_3_ring2_cpcl,34.341,6.9
Ru stuctures,bip_ru_3_ring2_cpme,33.384,6.92
Ru stuctures,bip_ru_4_ring1_cp,19.509,3.59
Ru stuctures,bip_ru_4_ring1_cpco2h,,3.59
Ru stuctures,bip_ru_4_ring1_cpcl,,3.59
Ru stuctures,bip_ru_4_ring1_cpme,20.107,3.6
Ru stuctures,bip_ru_4_ring2_cp,32.749,7.48
Ru stuctures,bip_ru_4_ring2_cpco2h,,7.41
Ru stuctures,bip_ru_4_ring2_cpcl,32.289,7.41
Ru stuctures,bip_ru_4_ring2_cpme,32.97,7.45
Mn structures,nap_mn_1_ring1_(CO)3,,3.62
Mn structures,nap_mn_2_ring1_(CO)3,13.809,3.6
Mn structures,nap_mn_5_ring2_(CO)3,,4.44
Mn structures,nap_mn_6_ring2_(CO)3,,5.72
Mn structures,bip_Mn_2_ring1_(CO)3,12.55,3.65
Mn structures,bip_Mn_2_ring2_(CO)3,32.17,5.18
Mn structures,bip_Mn_3_ring1_(CO)3,12.71,3.61
Mn structures,bip_Mn_3_ring2_(CO)3,32.67,7.15
Mn structures,bip_Mn_4_ring1_(CO)3,12.42,3.61
Mn structures,bip_Mn_4_ring2_(CO)3,28.09,7.6